﻿title,name,description,id
Piano Player,Saloon DJ,Controls music for day,a85bb384-f72c-11e9-9e05-a683e748b8f7
Wrangler,Chair Wrangler,Put chairs in place before going home,a85bb4e2-f72c-11e9-9e05-a683e748b8f7
Cowperson,Cable Lassoist,Wrap up cables before going home,a85bb578-f72c-11e9-9e05-a683e748b8f7
Bandito,Dastardly Dishwasher morning,Help fill or empty dishwasher before noon,a85bb604-f72c-11e9-9e05-a683e748b8f7
Rustler,Dastardly Dishwasher afternoon,Help fill or empty dishwasher before going home,a85bb6fe-f72c-11e9-9e05-a683e748b8f7
Sheriff,Event Sheriff,Event setup,a85bb794-f72c-11e9-9e05-a683e748b8f7
Deputy,Creative collision deputy,Help manage creative collision,a85bb7f8-f72c-11e9-9e05-a683e748b8f7
Messenger,Pony Express Marshall,Look for packages in lobby/package space before going home,a85bb852-f72c-11e9-9e05-a683e748b8f7
Merchant,General Store Owner,Grab chips/candy/sodas for kitchen,a85bb8ac-f72c-11e9-9e05-a683e748b8f7
Rancher,Varmint Washer,"Wipe down crucible, focus room, lounge chair table",a85bbbea-f72c-11e9-9e05-a683e748b8f7
Homesteader,Scullery Cleaner,Wipe down kitchen tables before leaving,a85bbc76-f72c-11e9-9e05-a683e748b8f7
Prospector,Spittoon Shiner,Wipe down coffee area and make sure coffee is off before leaving,a85bbce4-f72c-11e9-9e05-a683e748b8f7
