﻿name,id
Josh Bechard,8d407924-f72a-11e9-9e05-a683e748b8f7
Nat Bennink,8d407e10-f72a-11e9-9e05-a683e748b8f7
Juan Bonfante,8d407f50-f72a-11e9-9e05-a683e748b8f7
Alyssa Bradt,8d407fe6-f72a-11e9-9e05-a683e748b8f7
Gary Cooper,8d408054-f72a-11e9-9e05-a683e748b8f7
Natalie Frecka,8d4080b8-f72a-11e9-9e05-a683e748b8f7
Brin Kerkhoff,8d408112-f72a-11e9-9e05-a683e748b8f7
Abs King,8d40816c-f72a-11e9-9e05-a683e748b8f7
Kelley McManus,8d4081d0-f72a-11e9-9e05-a683e748b8f7
Kyle Koning,8d408220-f72a-11e9-9e05-a683e748b8f7
Riley Moss,8d40827a-f72a-11e9-9e05-a683e748b8f7
Rob Murdock,8d4082d4-f72a-11e9-9e05-a683e748b8f7
Turk Qualls,8d40832e-f72a-11e9-9e05-a683e748b8f7
Josh Radecki,8d408388-f72a-11e9-9e05-a683e748b8f7
Seamus Riordan,8d4083e2-f72a-11e9-9e05-a683e748b8f7
David Schinkel,8d40843c-f72a-11e9-9e05-a683e748b8f7
Max Schneckenberger,8d40848c-f72a-11e9-9e05-a683e748b8f7
Jamie Stumme,8d4084f0-f72a-11e9-9e05-a683e748b8f7
Jeb Sumeracki,8d40854a-f72a-11e9-9e05-a683e748b8f7
Cindy Weflen,8d4085a4-f72a-11e9-9e05-a683e748b8f7
